<?xml version="1.0" encoding="UTF-8" ?>
<!DOCTYPE mapper PUBLIC "-//mybatis.org//DTD Mapper 3.0//EN" "http://mybatis.org/dtd/mybatis-3-mapper.dtd" >
<mapper namespace="scau.com.lprapm.dao.userMapper" >
  <resultMap id="BaseResultMap" type="scau.com.lprapm.entity.user" >
    <id column="userId" property="userid" jdbcType="VARCHAR" />
    <result column="userName" property="username" jdbcType="VARCHAR" />
    <result column="userTrueName" property="usertruename" jdbcType="VARCHAR" />
    <result column="userPasswrod" property="userpasswrod" jdbcType="VARCHAR" />
    <result column="userEmail" property="useremail" jdbcType="VARCHAR" />
    <result column="userPhone" property="userphone" jdbcType="VARCHAR" />
    <result column="userBirthDay" property="userbirthday" jdbcType="DATE" />
    <result column="userSex" property="usersex" jdbcType="VARCHAR" />
    <result column="usercompany" property="usercompany" jdbcType="VARCHAR" />
    <result column="userDept" property="userdept" jdbcType="VARCHAR" />
    <result column="userDeptPhone" property="userdeptphone" jdbcType="VARCHAR" />
    <result column="userDeptDesc" property="userdeptdesc" jdbcType="VARCHAR" />
  </resultMap>
  <sql id="Base_Column_List" >
    userId, userName, userTrueName, userPasswrod, userEmail, userPhone, userBirthDay, 
    userSex, usercompany, userDept, userDeptPhone, userDeptDesc
  </sql>
  <select id="selectByPrimaryKey" resultMap="BaseResultMap" parameterType="java.lang.String" >
    select 
    <include refid="Base_Column_List" />
    from user
    where userId = #{userid,jdbcType=VARCHAR}
  </select>
  <delete id="deleteByPrimaryKey" parameterType="java.lang.String" >
    delete from user
    where userId = #{userid,jdbcType=VARCHAR}
  </delete>
  <insert id="insert" parameterType="scau.com.lprapm.entity.user" >
    insert into user (userId, userName, userTrueName, 
      userPasswrod, userEmail, userPhone, 
      userBirthDay, userSex, usercompany, 
      userDept, userDeptPhone, userDeptDesc
      )
    values (#{userid,jdbcType=VARCHAR}, #{username,jdbcType=VARCHAR}, #{usertruename,jdbcType=VARCHAR}, 
      #{userpasswrod,jdbcType=VARCHAR}, #{useremail,jdbcType=VARCHAR}, #{userphone,jdbcType=VARCHAR}, 
      #{userbirthday,jdbcType=DATE}, #{usersex,jdbcType=VARCHAR}, #{usercompany,jdbcType=VARCHAR}, 
      #{userdept,jdbcType=VARCHAR}, #{userdeptphone,jdbcType=VARCHAR}, #{userdeptdesc,jdbcType=VARCHAR}
      )
  </insert>
  <insert id="insertSelective" parameterType="scau.com.lprapm.entity.user" >
    insert into user
    <trim prefix="(" suffix=")" suffixOverrides="," >
      <if test="userid != null" >
        userId,
      </if>
      <if test="username != null" >
        userName,
      </if>
      <if test="usertruename != null" >
        userTrueName,
      </if>
      <if test="userpasswrod != null" >
        userPasswrod,
      </if>
      <if test="useremail != null" >
        userEmail,
      </if>
      <if test="userphone != null" >
        userPhone,
      </if>
      <if test="userbirthday != null" >
        userBirthDay,
      </if>
      <if test="usersex != null" >
        userSex,
      </if>
      <if test="usercompany != null" >
        usercompany,
      </if>
      <if test="userdept != null" >
        userDept,
      </if>
      <if test="userdeptphone != null" >
        userDeptPhone,
      </if>
      <if test="userdeptdesc != null" >
        userDeptDesc,
      </if>
    </trim>
    <trim prefix="values (" suffix=")" suffixOverrides="," >
      <if test="userid != null" >
        #{userid,jdbcType=VARCHAR},
      </if>
      <if test="username != null" >
        #{username,jdbcType=VARCHAR},
      </if>
      <if test="usertruename != null" >
        #{usertruename,jdbcType=VARCHAR},
      </if>
      <if test="userpasswrod != null" >
        #{userpasswrod,jdbcType=VARCHAR},
      </if>
      <if test="useremail != null" >
        #{useremail,jdbcType=VARCHAR},
      </if>
      <if test="userphone != null" >
        #{userphone,jdbcType=VARCHAR},
      </if>
      <if test="userbirthday != null" >
        #{userbirthday,jdbcType=DATE},
      </if>
      <if test="usersex != null" >
        #{usersex,jdbcType=VARCHAR},
      </if>
      <if test="usercompany != null" >
        #{usercompany,jdbcType=VARCHAR},
      </if>
      <if test="userdept != null" >
        #{userdept,jdbcType=VARCHAR},
      </if>
      <if test="userdeptphone != null" >
        #{userdeptphone,jdbcType=VARCHAR},
      </if>
      <if test="userdeptdesc != null" >
        #{userdeptdesc,jdbcType=VARCHAR},
      </if>
    </trim>
  </insert>
  <update id="updateByPrimaryKeySelective" parameterType="scau.com.lprapm.entity.user" >
    update user
    <set >
      <if test="username != null" >
        userName = #{username,jdbcType=VARCHAR},
      </if>
      <if test="usertruename != null" >
        userTrueName = #{usertruename,jdbcType=VARCHAR},
      </if>
      <if test="userpasswrod != null" >
        userPasswrod = #{userpasswrod,jdbcType=VARCHAR},
      </if>
      <if test="useremail != null" >
        userEmail = #{useremail,jdbcType=VARCHAR},
      </if>
      <if test="userphone != null" >
        userPhone = #{userphone,jdbcType=VARCHAR},
      </if>
      <if test="userbirthday != null" >
        userBirthDay = #{userbirthday,jdbcType=DATE},
      </if>
      <if test="usersex != null" >
        userSex = #{usersex,jdbcType=VARCHAR},
      </if>
      <if test="usercompany != null" >
        usercompany = #{usercompany,jdbcType=VARCHAR},
      </if>
      <if test="userdept != null" >
        userDept = #{userdept,jdbcType=VARCHAR},
      </if>
      <if test="userdeptphone != null" >
        userDeptPhone = #{userdeptphone,jdbcType=VARCHAR},
      </if>
      <if test="userdeptdesc != null" >
        userDeptDesc = #{userdeptdesc,jdbcType=VARCHAR},
      </if>
    </set>
    where userId = #{userid,jdbcType=VARCHAR}
  </update>
  <update id="updateByPrimaryKey" parameterType="scau.com.lprapm.entity.user" >
    update user
    set userName = #{username,jdbcType=VARCHAR},
      userTrueName = #{usertruename,jdbcType=VARCHAR},
      userPasswrod = #{userpasswrod,jdbcType=VARCHAR},
      userEmail = #{useremail,jdbcType=VARCHAR},
      userPhone = #{userphone,jdbcType=VARCHAR},
      userBirthDay = #{userbirthday,jdbcType=DATE},
      userSex = #{usersex,jdbcType=VARCHAR},
      usercompany = #{usercompany,jdbcType=VARCHAR},
      userDept = #{userdept,jdbcType=VARCHAR},
      userDeptPhone = #{userdeptphone,jdbcType=VARCHAR},
      userDeptDesc = #{userdeptdesc,jdbcType=VARCHAR}
    where userId = #{userid,jdbcType=VARCHAR}
  </update>
</mapper>