<?xml version="1.0" encoding="UTF-8"?>
<!DOCTYPE generatorConfiguration  
      PUBLIC "-//mybatis.org//DTD MyBatis Generator Configuration 1.0//EN"  
      "http://mybatis.org/dtd/mybatis-generator-config_1_0.dtd">
<generatorConfiguration>
    <!--MySQL连接驱动-->
    <classPathEntry location="mysql-connector-java-5.1.26-bin.jar" />
    <!--数据库链接URL，用户名、密码 -->
    <context id="MySQL" targetRuntime="MyBatis3">
        <commentGenerator>
            <property name="suppressDate" value="true" />
            <!-- 是否去除自动生成的注释 true：是 ： false:否 -->
            <property name="suppressAllComments" value="true" />
        </commentGenerator>
        <jdbcConnection driverClass="com.mysql.jdbc.Driver" connectionURL="jdbc:mysql://127.0.0.1:3332/lprapm" userId="root" password="root">
        </jdbcConnection>
        <!--是否启用java.math.BigDecimal-->
         <javaTypeResolver>    
            <property name="forceBigDecimals" value="false"/>    
        </javaTypeResolver>    
        <!-- 生成模型的包名和位置-->    
        <!-- targetPackage="com.ssm.pojo"是生成代码的存放路径这里根据你的路径存放 -->    
        <javaModelGenerator targetPackage="scau.com.lprapm.entity" targetProject="src">    
            <property name="enableSubPackages" value="true"/>    
            <property name="trimStrings" value="true"/>    
        </javaModelGenerator>    
        <!-- 生成映射文件的包名和位置-->    
        <!-- targetPackage="com.ssm.pojo"是生成代码的存放路径这里根据你的路径存放 -->    
        <sqlMapGenerator targetPackage="scau.com.lprapm.mapper" targetProject="src">    
            <property name="enableSubPackages" value="true"/>    
        </sqlMapGenerator>    
        <!-- 生成DAO的包名和位置-->    
        <!-- targetPackage="com.ssm.pojo"是生成代码的存放路径这里根据你的路径存放 -->    
        <javaClientGenerator type="XMLMAPPER" targetPackage="scau.com.lprapm.dao" targetProject="src">    
            <property name="enableSubPackages" value="true"/>    
        </javaClientGenerator>    
        <!--  要生成的表 tableName是数据库中的表名或视图名 domainObjectName是实体类名 -->    
        <!-- tableName是要生成数据库映射文件的表名domainObjectName要生成代码的实体类名 根据自己需求修改  -->   
        <table tableName="user" domainObjectName="user" enableCountByExample="false" enableUpdateByExample="false" enableDeleteByExample="false" enableSelectByExample="false" selectByExampleQueryId="false">
		   <!--  <columnOverride column="username" property="name" />
            <ignoreColumn column="password"/>
            <columnOverride column="age" javaType="String"></columnOverride> -->
		</table>
    </context>
</generatorConfiguration>
